ID,species_code,family,genus,species,scientific_name,scientific_code,native-range,5E-1,5E-3,5E-4,5E-5,5E-6,5E-7,5E-8,5E-9,5E-10,5E-11,5E-13,6E-7,6E-8,6E-9,6E-10,6E-11,6E-12,6E-13,6E-14,6E-15,6E-16,6E-17,7E-1,7E-2,7E-3,7E-4,7E-5,7E-6
1,aldeur,Betulaceae,Alder,European Alder,Alnus glutinosa,alnuglut,"Europe, North Africa, Western Asia, Siberia",introduced,introduced,introduced,introduced,introduced,introduced,introduced,introduced,introduced,introduced,introduced,introduced,introduced,introduced,introduced,introduced,introduced,introduced,introduced,introduced,introduced,introduced,introduced,introduced,introduced,introduced,introduced,introduced
2,aldspe,Betulaceae,Alder,Speckled Alder,Alnus rugosa,alnurugo,"Canada, Northern U.S.A",native,native,native,native,native,native,native,native,native,native,native,native,native,native,native,native,native,native,native,native,native,native,introduced,native,native,native,native,native
4,aldwhi,Betulaceae,Alder,European White Alder,Alnus incana,alnuinca,"Europe, Caucasus",introduced,introduced,introduced,introduced,introduced,introduced,introduced,introduced,introduced,introduced,introduced,introduced,introduced,introduced,introduced,introduced,introduced,introduced,introduced,introduced,introduced,introduced,introduced,introduced,introduced,introduced,introduced,introduced
318,amumak,Fabaceae,Maakia,Amur Maackia,Maackia amurensis,maacamur,Asia,introduced,introduced,introduced,introduced,introduced,introduced,introduced,introduced,introduced,introduced,introduced,introduced,introduced,introduced,introduced,introduced,introduced,introduced,introduced,introduced,introduced,introduced,introduced,introduced,introduced,introduced,introduced,introduced
6,appcom,Rosaceae,Apple,Common Apple,Malus domestica,maludome,Europe and Western Asia,introduced,introduced,introduced,introduced,introduced,introduced,introduced,introduced,introduced,introduced,introduced,introduced,introduced,introduced,introduced,introduced,introduced,introduced,introduced,introduced,introduced,introduced,introduced,introduced,introduced,introduced,introduced,introduced
7,appcra,Rosaceae,Apple/Crabapple,Crabapple,Malus hybrids,maluhybr,Various,introduced,introduced,introduced,introduced,introduced,introduced,introduced,introduced,introduced,introduced,introduced,introduced,introduced,introduced,introduced,introduced,introduced,introduced,introduced,introduced,introduced,introduced,introduced,introduced,introduced,introduced,introduced,introduced
282,aprico,Rosaceae,Apricot,Apricot,Prunus armeniaca,prunarme,Europe,introduced,introduced,introduced,introduced,introduced,introduced,introduced,introduced,introduced,introduced,introduced,introduced,introduced,introduced,introduced,introduced,introduced,introduced,introduced,introduced,introduced,introduced,introduced,introduced,introduced,introduced,introduced,introduced
9,ashbla,Oleaceae,Ash,Black Ash,Fraxinus nigra,fraxnigr,"Southeastern Ontario, Northeastern USA",native,native,native,native,native,native,native,native,native,native,native,native,native,native,native,native,native,native,native,native,native,native,native,native,native,native,native,native
10,ashblu,Oleaceae,Ash,Blue Ash,Fraxinus quadrangulata,fraxquad,"Michigan, Arkansas, Tennessee",introduced,introduced,introduced,introduced,introduced,introduced,introduced,introduced,introduced,introduced,introduced,introduced,introduced,introduced,introduced,introduced,introduced,introduced,introduced,introduced,introduced,introduced,native,introduced,introduced,introduced,introduced,introduced
11,asheur,Oleaceae,Ash,Europen Ash,Fraxinus excelsior,fraxexce,"Europe, SW Asia",introduced,introduced,introduced,introduced,introduced,introduced,introduced,introduced,introduced,introduced,introduced,introduced,introduced,introduced,introduced,introduced,introduced,introduced,introduced,introduced,introduced,introduced,introduced,introduced,introduced,introduced,introduced,introduced
12,ashgre,Oleaceae,Ash,Green Ash,Fraxinus pennsylvanica,fraxpenn,Great Lakes-St. Lawrence and Acadian Forest region and the South-Western prairies,native,native,native,native,native,native,native,native,native,native,native,native,native,native,native,native,native,native,native,native,native,native,native,native,native,native,native,native
13,ashman,Oleaceae,Ash,Manchurian Ash,Fraxinus mandshurica,fraxmand,,introduced,introduced,introduced,introduced,introduced,introduced,introduced,introduced,introduced,introduced,introduced,introduced,introduced,introduced,introduced,introduced,introduced,introduced,introduced,introduced,introduced,introduced,introduced,introduced,introduced,introduced,introduced,introduced
15,ashwhi,Oleaceae,Ash,White Ash,Fraxinus americana,fraxamer,North-East US,native,native,native,native,native,native,native,native,native,native,introduced,native,native,native,native,native,native,native,native,native,native,native,native,native,native,native,native,native
16,asplar,Salicaceae,Poplar,Largetooth Aspen,Populus grandidentata,popugran,"Quebec to Ontario, Eastern United States",native,native,native,native,native,native,native,native,native,native,native,native,native,native,native,native,native,native,native,native,native,native,native,native,native,native,native,native
17,asptre,Salicaceae,Poplar,Trembling Aspen,Populus tremuloides,poputrem,North America: Across Canada and Southern US,native,native,native,native,native,native,native,native,native,native,native,native,native,native,native,native,native,native,native,native,native,native,native,native,native,native,native,native
18,basswo,Tiliaceae,Linden-Basswood,Basswood,Tilia americana,tiliamer,Eastern North America,native,native,native,native,native,native,native,native,native,native,native,native,native,native,native,native,native,native,native,native,native,native,native,native,native,native,native,native
19,beeame,Fagaceae,Beech,American Beech,Fagus grandifolia,fagugran,Eastern North America,native,native,native,native,native,native,native,native,native,native,native,native,native,native,native,native,native,native,native,native,native,native,native,native,native,native,native,native
20,beeblu,Betulaceae,Ironwood-Hornbeam,Blue Beech,Carpinus caroliniana,carpcaro,Eastern U.S.A.,introduced,introduced,introduced,introduced,introduced,native,native,native,native,native,introduced,native,native,native,native,native,native,native,native,native,native,native,native,native,native,native,native,native
21,beeeur,Fagaceae,Beech,European Beech,Fagus sylvatica,fagusylv,Europe,introduced,introduced,introduced,introduced,introduced,introduced,introduced,introduced,introduced,introduced,introduced,introduced,introduced,introduced,introduced,introduced,introduced,introduced,introduced,introduced,introduced,introduced,introduced,introduced,introduced,introduced,introduced,introduced
312,birala,Betulaceae,Birch,Alaskan Birch,Betula neoalaskana,betuneoa,North America: Across Canada,introduced,introduced,introduced,introduced,introduced,introduced,introduced,introduced,introduced,introduced,introduced,introduced,introduced,introduced,introduced,introduced,introduced,introduced,introduced,introduced,introduced,introduced,introduced,introduced,introduced,introduced,introduced,introduced
23,birche,Betulaceae,Birch,Cherry Birch,Betula lenta,betulent,Eastern U.S.A.,introduced,introduced,introduced,introduced,introduced,introduced,introduced,introduced,introduced,introduced,introduced,introduced,introduced,introduced,introduced,introduced,native,introduced,introduced,introduced,introduced,introduced,introduced,introduced,native,introduced,native,introduced
24,bireur,Betulaceae,Birch,European White Birch,Betula pendula,betupend,"Europe, SW Asia, N. Africa",introduced,introduced,introduced,introduced,introduced,introduced,introduced,introduced,introduced,introduced,introduced,introduced,introduced,introduced,introduced,introduced,introduced,introduced,introduced,introduced,introduced,introduced,introduced,introduced,introduced,introduced,introduced,introduced
25,birgra,Betulaceae,Birch,Gray Birch,Betula populifolia,betupopu,SE Canada,introduced,introduced,introduced,introduced,introduced,introduced,introduced,introduced,introduced,introduced,introduced,introduced,introduced,native,native,native,native,introduced,introduced,native,native,introduced,introduced,introduced,introduced,native,introduced,introduced
26,birhim,Betulaceae,Birch,Whitebarked Himalayan,Betula  jacquemontii,betujacq,"NW Himalayas, Nepal",introduced,introduced,introduced,introduced,introduced,introduced,introduced,introduced,introduced,introduced,introduced,introduced,introduced,introduced,introduced,introduced,introduced,introduced,introduced,introduced,introduced,introduced,introduced,introduced,introduced,introduced,introduced,introduced
27,birriv,Betulaceae,Birch,River Birch,Betula occidentalis,betuocci,,introduced,introduced,introduced,introduced,introduced,introduced,introduced,introduced,introduced,introduced,introduced,introduced,introduced,introduced,introduced,introduced,introduced,introduced,introduced,introduced,introduced,introduced,introduced,introduced,introduced,introduced,introduced,introduced
29,birwhi,Betulaceae,Birch,White Birch,Betula papyrifera,betupapy,North America: Across Canada,native,native,native,native,native,native,native,native,native,native,native,native,native,native,native,native,native,native,native,native,native,native,introduced,native,native,native,native,native
30,biryel,Betulaceae,Birch,Yellow Birch,Betula alleghaniensis,betualle,"SE Canada, NE U.S.A.",native,native,native,native,native,native,native,native,native,native,native,native,native,native,native,native,native,native,native,native,native,native,native,native,native,native,native,native
31,buceur,Rhamnaceae,Buckthorn,Alder Buckthorn,Rhamnus cathartica,rhamcath,"Europe, Western and Northern Asia",introduced,introduced,introduced,introduced,introduced,introduced,introduced,introduced,introduced,introduced,introduced,introduced,introduced,introduced,introduced,introduced,introduced,introduced,introduced,introduced,introduced,introduced,introduced,introduced,introduced,introduced,introduced,introduced
32,bucohi,Hippocastanaceae,Buckeye/Horsechestnut,Ohio Buckeye,Aesculus glabra,aescglab,"Southern Tip of Ontario, USA",introduced,introduced,introduced,introduced,introduced,introduced,introduced,introduced,introduced,introduced,introduced,introduced,introduced,introduced,introduced,introduced,introduced,introduced,introduced,introduced,introduced,introduced,introduced,introduced,introduced,introduced,introduced,introduced
33,bucred,Hippocastanaceae,Buckeye/Horsechestnut,Red Buckeye,Aesculus pavia,aescpavi,Southeastern USA,introduced,introduced,introduced,introduced,introduced,introduced,introduced,introduced,introduced,introduced,introduced,introduced,introduced,introduced,introduced,introduced,introduced,introduced,introduced,introduced,introduced,introduced,introduced,introduced,introduced,introduced,introduced,introduced
35,bucswe,Hippocastanaceae,Buckeye/Horsechestnut,Sweet Buckeye,Aesculus octandra,aescocta,"Pennsylvania to Tennessee and norhtern Georgia, west to Ohio and Illinois",introduced,introduced,introduced,introduced,introduced,introduced,introduced,introduced,introduced,introduced,introduced,introduced,introduced,introduced,introduced,introduced,introduced,introduced,introduced,introduced,introduced,introduced,introduced,introduced,introduced,introduced,introduced,introduced
319,bucyel,Hippocastanaceae,Buckeye/Horsechestnut,Yellow Buckeye,Aesculus flava,aescflav,Eastern USA,introduced,introduced,introduced,introduced,introduced,introduced,introduced,introduced,introduced,introduced,introduced,introduced,introduced,introduced,introduced,introduced,introduced,introduced,introduced,introduced,introduced,introduced,introduced,introduced,introduced,introduced,introduced,introduced
36,butter,Juglandaceae,Walnut/Butternut,Butternut,Juglans cinerea,juglcine,Eastern North America,introduced,introduced,introduced,introduced,introduced,introduced,introduced,introduced,introduced,native,introduced,native,native,native,native,native,native,native,introduced,native,native,introduced,native,native,native,native,native,native
37,catchi,Bignoniaceae,Catalpa,Chinese Catalpa,Catalpa ovata,cataovat,China,introduced,introduced,introduced,introduced,introduced,introduced,introduced,introduced,introduced,introduced,introduced,introduced,introduced,introduced,introduced,introduced,introduced,introduced,introduced,introduced,introduced,introduced,introduced,introduced,introduced,introduced,introduced,introduced
38,catnor,Bignoniaceae,Catalpa,Northern Catalpa,Catalpa speciosa,cataspec,Central Mississippi Valley,introduced,introduced,introduced,introduced,introduced,introduced,introduced,introduced,introduced,introduced,introduced,introduced,introduced,introduced,introduced,introduced,introduced,introduced,introduced,introduced,introduced,introduced,introduced,introduced,introduced,introduced,introduced,introduced
39,catsou,Bignoniaceae,Catalpa,Southern Catalpa,Catalpa bignonioides,catabign,Southern U.S.A.,introduced,introduced,introduced,introduced,introduced,introduced,introduced,introduced,introduced,introduced,introduced,introduced,introduced,introduced,introduced,introduced,introduced,introduced,introduced,introduced,introduced,introduced,introduced,introduced,introduced,introduced,introduced,introduced
41,cedjap,Taxodiaceae,Cryptomeria,Japanise Ceder,Cryptomeria japonica,crypjapo,Japan,introduced,introduced,introduced,introduced,introduced,introduced,introduced,introduced,introduced,introduced,introduced,introduced,introduced,introduced,introduced,introduced,introduced,introduced,introduced,introduced,introduced,introduced,introduced,introduced,introduced,introduced,introduced,introduced
42,cedori,Cupressaceae,Cedar (Thuja),Oriental Cedar,Thuja orientalis,thujorie,,introduced,introduced,introduced,introduced,introduced,introduced,introduced,introduced,introduced,introduced,introduced,introduced,introduced,introduced,introduced,introduced,introduced,introduced,introduced,introduced,introduced,introduced,introduced,introduced,introduced,introduced,introduced,introduced
43,cedred,Cupressaceae,Juniper,Red Cedar,Juniperus virginiana,junivirg,South-Eastern Ontario,introduced,introduced,native,introduced,introduced,native,native,introduced,native,native,introduced,native,native,native,native,native,native,native,native,native,native,introduced,native,native,native,native,native,native
307,cedwes,Cupressaceae,Cedar (Thuja),Western Red Cedar,Thuja plicata,thujplic,Pacific Coast,introduced,introduced,introduced,introduced,introduced,introduced,introduced,introduced,introduced,introduced,introduced,introduced,introduced,introduced,introduced,introduced,introduced,introduced,introduced,introduced,introduced,introduced,introduced,introduced,introduced,introduced,introduced,introduced
45,cedwhi,Cupressaceae,Cedar (Thuja),Eastern White Cedar,Thuja occidentalis,thujocci,South-Eastern Canada,native,native,native,native,native,native,native,native,native,native,native,native,native,native,native,native,native,native,native,native,native,native,native,native,native,native,native,native
46,cedyel,Cupressaceae,False Cypress,Yellow Cedar,Chamaecyparis nootkatensis,chamnoot,Pacific Coast,introduced,introduced,introduced,introduced,introduced,introduced,introduced,introduced,introduced,introduced,introduced,introduced,introduced,introduced,introduced,introduced,introduced,introduced,introduced,introduced,introduced,introduced,introduced,introduced,introduced,introduced,introduced,introduced
47,cheame,Fagaceae,Chestnut,American Chestnut,Castanea dentata,castdent,"Southern Ontario, Eastern U.S.A.",introduced,introduced,introduced,introduced,introduced,introduced,introduced,introduced,introduced,introduced,introduced,introduced,introduced,introduced,introduced,introduced,introduced,introduced,introduced,introduced,introduced,introduced,native,native,native,native,native,native
48,chebla,Rosaceae,Cherry/Plum,Black Cherry,Prunus serotina,prunsero,North-Eastern US,introduced,introduced,introduced,introduced,introduced,native,native,native,introduced,native,introduced,native,native,native,native,native,native,native,native,native,native,native,native,native,native,native,native,native
49,chechi,Fagaceae,Chestnut,Chinese Chestnut,Castanea mollissima,castmoll,"China, Korea",introduced,introduced,introduced,introduced,introduced,introduced,introduced,introduced,introduced,introduced,introduced,introduced,introduced,introduced,introduced,introduced,introduced,introduced,introduced,introduced,introduced,introduced,introduced,introduced,introduced,introduced,introduced,introduced
50,checho,Rosaceae,Cherry/Plum,Choke Cherry,Prunus virginiana,prunvirg,North America,native,native,native,native,native,native,native,native,native,native,native,native,native,native,native,native,native,native,native,native,native,native,native,native,native,native,native,native
51,cheeur,Rosaceae,Cherry/Plum,European Bird Cherry,Prunus padus,prunpadu,Europe and Northwest Asia,introduced,introduced,introduced,introduced,introduced,introduced,introduced,introduced,introduced,introduced,introduced,introduced,introduced,introduced,introduced,introduced,introduced,introduced,introduced,introduced,introduced,introduced,introduced,introduced,introduced,introduced,introduced,introduced
52,chefru,Rosaceae,Cherry/Plum,Cherry (Fruit),Prunus avium,prunaviu,"Europe, Western Asia",introduced,introduced,introduced,introduced,introduced,introduced,introduced,introduced,introduced,introduced,introduced,introduced,introduced,introduced,introduced,introduced,introduced,introduced,introduced,introduced,introduced,introduced,introduced,introduced,introduced,introduced,introduced,introduced
53,chehug,Rosaceae,Cherry/Plum,Hugan Cherry,Prunus x subhitrella,prunxsubh,,introduced,introduced,introduced,introduced,introduced,introduced,introduced,introduced,introduced,introduced,introduced,introduced,introduced,introduced,introduced,introduced,introduced,introduced,introduced,introduced,introduced,introduced,introduced,introduced,introduced,introduced,introduced,introduced
54,cheori,Rosaceae,Cherry/Plum,Oriental Cherry,Prunus serrulata,prunserr,"China, Japan",introduced,introduced,introduced,introduced,introduced,introduced,introduced,introduced,introduced,introduced,introduced,introduced,introduced,introduced,introduced,introduced,introduced,introduced,introduced,introduced,introduced,introduced,introduced,introduced,introduced,introduced,introduced,introduced
55,chepin,Rosaceae,Cherry/Plum,Pin Cherry,Prunus pennsylvanica,prunpens,"Canada, NE U.S.A.",native,native,native,native,native,native,native,native,native,native,native,native,native,native,native,native,native,native,native,native,native,native,native,native,native,native,native,native
56,chepur,Rosaceae,Cherry/Plum,Purpleleaf Sand Cherry,Prunus x cistena,prunxcist,Hybrid origin,introduced,introduced,introduced,introduced,introduced,introduced,introduced,introduced,introduced,introduced,introduced,introduced,introduced,introduced,introduced,introduced,introduced,introduced,introduced,introduced,introduced,introduced,introduced,introduced,introduced,introduced,introduced,introduced
57,chesar,Rosaceae,Cherry/Plum,Sargent Cherry,Prunus sargentii,prunsarg,,introduced,introduced,introduced,introduced,introduced,introduced,introduced,introduced,introduced,introduced,introduced,introduced,introduced,introduced,introduced,introduced,introduced,introduced,introduced,introduced,introduced,introduced,introduced,introduced,introduced,introduced,introduced,introduced
60,cofken,Fabaceae,Coffetree,Kentucky Coffetree,Gymnocladus dioicus,gymndioi,North America: Carolinian and surrounding areas,introduced,introduced,introduced,introduced,introduced,introduced,introduced,introduced,introduced,introduced,introduced,introduced,introduced,introduced,introduced,introduced,introduced,introduced,introduced,introduced,introduced,introduced,native,native,introduced,introduced,introduced,introduced
61,coramu,Rutaceae,Phellodendron,Amur Corktree,Phellodendron amurense,phelamur,"China, Japan",introduced,introduced,introduced,introduced,introduced,introduced,introduced,introduced,introduced,introduced,introduced,introduced,introduced,introduced,introduced,introduced,introduced,introduced,introduced,introduced,introduced,introduced,introduced,introduced,introduced,introduced,introduced,introduced
62,coteas,Salicaceae,Poplar,Eastern Cottonwood,Populus deltoides,popudelt,"Central U.S.A., South Eastern Border of Canada",introduced,introduced,introduced,introduced,introduced,introduced,introduced,introduced,introduced,introduced,introduced,native,native,native,native,introduced,native,native,introduced,native,introduced,introduced,native,native,native,native,native,native
64,crajap,Rosaceae,Apple/Crabapple,Japanese Crabapple(s),Malus x floribunda,maluxflor,,introduced,introduced,introduced,introduced,introduced,introduced,introduced,introduced,introduced,introduced,introduced,introduced,introduced,introduced,introduced,introduced,introduced,introduced,introduced,introduced,introduced,introduced,introduced,introduced,introduced,introduced,introduced,introduced
65,crawil,Rosaceae,Apple/Crabapple,Wild Crab,Malus coronaria,malucoro,"Southern Ontario, Eastern U.S.A.",introduced,introduced,introduced,introduced,introduced,introduced,introduced,introduced,introduced,introduced,introduced,introduced,introduced,introduced,introduced,introduced,introduced,introduced,introduced,introduced,introduced,introduced,native,native,native,native,native,native
66,cucumb,Magnoliaceae,Magnolia,Cucumber Tree,Magnolia acuminata,magnacum,North America,introduced,introduced,introduced,introduced,introduced,introduced,introduced,introduced,introduced,introduced,introduced,introduced,introduced,introduced,introduced,introduced,introduced,introduced,introduced,introduced,introduced,introduced,introduced,native,native,introduced,native,introduced
68,devils,Araliaceae,Walkingstick,Devils-walkingstick,Aralia spinosa,aralspin,South Eastern U.S.A.,introduced,introduced,introduced,introduced,introduced,introduced,introduced,introduced,introduced,introduced,introduced,introduced,introduced,introduced,introduced,introduced,introduced,introduced,introduced,introduced,introduced,introduced,introduced,introduced,introduced,introduced,introduced,introduced
69,dogalt,Cornaceae,Dogwood,Alternate-Leaf Dogwood,Cornus alternifolia,cornalte,North-Eastern US,native,native,native,native,introduced,native,introduced,native,native,native,native,native,native,native,native,native,native,native,native,native,native,native,native,native,native,native,native,native
70,dogchi,Cornaceae,Dogwood,Chinese Dogwood,Cornus kousa,cornkous,Eastern Asia,introduced,introduced,introduced,introduced,introduced,introduced,introduced,introduced,introduced,introduced,introduced,introduced,introduced,introduced,introduced,introduced,introduced,introduced,introduced,introduced,introduced,introduced,introduced,introduced,introduced,introduced,introduced,introduced
289,dogcor,Cornaceae,Dogwood,Cornelian cherry dogwood,Cornus mas,cornmas,,introduced,introduced,introduced,introduced,introduced,introduced,introduced,introduced,introduced,introduced,introduced,introduced,introduced,introduced,introduced,introduced,introduced,introduced,introduced,introduced,introduced,introduced,introduced,introduced,introduced,introduced,introduced,introduced
71,dogflo,Cornaceae,Dogwood,Eastern Flowering Dogwood,Cornus florida,cornflor,"Southern Ontario, Eastern U.S.A.",introduced,introduced,introduced,introduced,introduced,introduced,introduced,introduced,introduced,introduced,introduced,introduced,introduced,introduced,introduced,introduced,introduced,introduced,introduced,introduced,introduced,introduced,native,native,native,native,native,native
72,doggra,Cornaceae,Dogwood,Gray Dogwood,Cornus racemosa,cornrace,"Southern Ontario, Eastern U.S.A.",introduced,introduced,introduced,introduced,introduced,introduced,introduced,introduced,introduced,native,introduced,native,native,native,native,native,native,native,introduced,native,native,introduced,native,native,native,native,native,native
313,dogred,Cornaceae,Dogwood,Red Osier Dogwood,Cornus stolonifera,cornstol,"Southern Ontario, Eastern U.S.A.",native,native,native,native,native,native,native,native,native,native,native,native,native,native,native,native,native,native,native,native,native,native,native,native,native,native,native,native
76,elmame,Ulmaceae,Elm,American Elm,Ulmus americana,ulmuamer,Eastern North America,native,native,native,native,native,native,native,native,native,native,native,native,native,native,native,native,native,native,native,native,native,native,native,native,native,native,native,native
77,elmcam,Ulmaceae,Elm,Camperdown Elm,Ulmus x vegata,ulmuxveg,,introduced,introduced,introduced,introduced,introduced,introduced,introduced,introduced,introduced,introduced,introduced,introduced,introduced,introduced,introduced,introduced,introduced,introduced,introduced,introduced,introduced,introduced,introduced,introduced,introduced,introduced,introduced,introduced
314,elmchi,Ulmaceae,Elm,Chinese Elm,Ulmus parvifolia,ulmuparv,Asia,introduced,introduced,introduced,introduced,introduced,introduced,introduced,introduced,introduced,introduced,introduced,introduced,introduced,introduced,introduced,introduced,introduced,introduced,introduced,introduced,introduced,introduced,introduced,introduced,introduced,introduced,introduced,introduced
78,elmdut,Ulmaceae,Elm,Dutch Elm,Ulmus x holandica,ulmuxhol,,introduced,introduced,introduced,introduced,introduced,introduced,introduced,introduced,introduced,introduced,introduced,introduced,introduced,introduced,introduced,introduced,introduced,introduced,introduced,introduced,introduced,introduced,introduced,introduced,introduced,introduced,introduced,introduced
79,elmeng,Ulmaceae,Elm,English Elm,Ulmus procera,ulmuproc,"Great Britain, Western Europe",introduced,introduced,introduced,introduced,introduced,introduced,introduced,introduced,introduced,introduced,introduced,introduced,introduced,introduced,introduced,introduced,introduced,introduced,introduced,introduced,introduced,introduced,introduced,introduced,introduced,introduced,introduced,introduced
80,elmjer,Ulmaceae,Elm,Jersey Elm,Ulmus carpinifolia,ulmucarp,"Europe, North Africa and Southwest Asia",introduced,introduced,introduced,introduced,introduced,introduced,introduced,introduced,introduced,introduced,introduced,introduced,introduced,introduced,introduced,introduced,introduced,introduced,introduced,introduced,introduced,introduced,introduced,introduced,introduced,introduced,introduced,introduced
81,elmroc,Ulmaceae,Elm,Rock Elm,Ulmus thomasii,ulmuthom,"Southern Ontario, Central U.S.A.",introduced,introduced,introduced,introduced,introduced,introduced,introduced,native,introduced,native,introduced,native,native,native,native,native,native,native,native,native,native,introduced,native,native,native,native,native,native
82,elmsco,Ulmaceae,Elm,Scotch Elm,Ulmus glabra,ulmuglab,"Europe, Western Asia",introduced,introduced,introduced,introduced,introduced,introduced,introduced,introduced,introduced,introduced,introduced,introduced,introduced,introduced,introduced,introduced,introduced,introduced,introduced,introduced,introduced,introduced,introduced,introduced,introduced,introduced,introduced,introduced
83,elmsib,Ulmaceae,Elm,Siberian Elm,Ulmus pumila,ulmupumi,Northeastern Asia,introduced,introduced,introduced,introduced,introduced,introduced,introduced,introduced,introduced,introduced,introduced,introduced,introduced,introduced,introduced,introduced,introduced,introduced,introduced,introduced,introduced,introduced,introduced,introduced,introduced,introduced,introduced,introduced
84,elmsli,Ulmaceae,Elm,Slippery Elm,Ulmus rubra,ulmurubr,"Southern Ontario & Quebec, Central -Eastern U.S.A.",native,native,native,native,native,native,native,native,native,native,native,native,native,native,native,native,native,native,native,native,native,native,native,native,native,native,native,native
86,euoeur,Celastraceae,Spindletree,European Euonymus,Euonymus europaeus,euoneuro,Europe,introduced,introduced,introduced,introduced,introduced,introduced,introduced,introduced,introduced,introduced,introduced,introduced,introduced,introduced,introduced,introduced,introduced,introduced,introduced,introduced,introduced,introduced,introduced,introduced,introduced,introduced,introduced,introduced
88,firbal,Pinaceae,Fir,Balsam Fir,Abies balsamea,abiebals,Central and Eastern Canada,native,native,native,native,native,native,native,native,native,native,native,native,native,native,native,native,native,native,native,native,native,native,introduced,introduced,native,native,introduced,introduced
89,firdou,Pinaceae,Douglas Fir,Douglas Fir,Pseudotsuga menziesii,pseumenz,Weatern North America,introduced,introduced,introduced,introduced,introduced,introduced,introduced,introduced,introduced,introduced,introduced,introduced,introduced,introduced,introduced,introduced,introduced,introduced,introduced,introduced,introduced,introduced,introduced,introduced,introduced,introduced,introduced,introduced
90,firfra,Pinaceae,Fir,Fraser Fir,Abies fraseri,abiefras,"North America: West Virginia, Tennessee, and North Carolina",introduced,introduced,introduced,introduced,introduced,introduced,introduced,introduced,introduced,introduced,introduced,introduced,introduced,introduced,introduced,introduced,introduced,introduced,introduced,introduced,introduced,introduced,introduced,introduced,introduced,introduced,introduced,introduced
91,firgra,Pinaceae,Fir,Grand Fir,Abies grandis,abiegran,"North America: Coastal and interior forests of Southern British Columbia,  Coastal and interior forest of Western  USA",introduced,introduced,introduced,introduced,introduced,introduced,introduced,introduced,introduced,introduced,introduced,introduced,introduced,introduced,introduced,introduced,introduced,introduced,introduced,introduced,introduced,introduced,introduced,introduced,introduced,introduced,introduced,introduced
93,firwhi,Pinaceae,Fir,White Fir,Abies concolor,abieconc,"Western USA, Northern Mexico",introduced,introduced,introduced,introduced,introduced,introduced,introduced,introduced,introduced,introduced,introduced,introduced,introduced,introduced,introduced,introduced,introduced,introduced,introduced,introduced,introduced,introduced,introduced,introduced,introduced,introduced,introduced,introduced
94,flodou,Rosaceae,Cherry/Plum,Double Flowering Plum,Prunus triloba,pruntril,,introduced,introduced,introduced,introduced,introduced,introduced,introduced,introduced,introduced,introduced,introduced,introduced,introduced,introduced,introduced,introduced,introduced,introduced,introduced,introduced,introduced,introduced,introduced,introduced,introduced,introduced,introduced,introduced
96,ginkgo,Ginkgoaceae,Ginkgo,Ginkgo,Ginkgo biloba,ginkbilo,China,introduced,introduced,introduced,introduced,introduced,introduced,introduced,introduced,introduced,introduced,introduced,introduced,introduced,introduced,introduced,introduced,introduced,introduced,introduced,introduced,introduced,introduced,introduced,introduced,introduced,introduced,introduced,introduced
97,golcha,Fabaceae,Laburnum,Goldenchain Tree,Laburnum anagyroides,labuanag,,introduced,introduced,introduced,introduced,introduced,introduced,introduced,introduced,introduced,introduced,introduced,introduced,introduced,introduced,introduced,introduced,introduced,introduced,introduced,introduced,introduced,introduced,introduced,introduced,introduced,introduced,introduced,introduced
98,gumbla,Nyssaceae,Gum,Black Gum,Nyssa sylvatica,nysssylv,Eeastern North America,introduced,introduced,introduced,introduced,introduced,introduced,introduced,introduced,introduced,introduced,introduced,introduced,introduced,introduced,introduced,introduced,introduced,introduced,introduced,introduced,introduced,introduced,native,native,native,introduced,native,introduced
99,hacber,Ulmaceae,Hackberry,Hackberry,Celtis occidentalis,celtocci,"Southern Ontario, Quebec, USA",introduced,introduced,introduced,introduced,introduced,introduced,introduced,introduced,introduced,introduced,introduced,introduced,native,introduced,introduced,native,native,introduced,introduced,native,native,introduced,native,native,native,introduced,native,native
100,hawcoc,Rosaceae,Hawthorn,Cockspur Hawthorn,Crataegus crus-galli,cratcrus,"Southern Quebec, Ontario, Eastern USA",introduced,introduced,introduced,introduced,introduced,introduced,introduced,introduced,introduced,introduced,introduced,introduced,introduced,introduced,introduced,introduced,introduced,introduced,introduced,introduced,introduced,introduced,introduced,introduced,introduced,introduced,introduced,introduced
101,hawdow,Rosaceae,Hawthorn,Downy Hawthorn,Crataegus molis,cratmoli,Central USA,introduced,introduced,introduced,introduced,introduced,introduced,introduced,introduced,introduced,introduced,introduced,introduced,introduced,introduced,introduced,introduced,introduced,introduced,introduced,introduced,introduced,introduced,introduced,introduced,introduced,introduced,introduced,introduced
102,haweng,Rosaceae,Hawthorn,English Hawthorn,Crataegus oxyacantha,cratoxya,Europe,introduced,introduced,introduced,introduced,introduced,introduced,introduced,introduced,introduced,introduced,introduced,introduced,introduced,introduced,introduced,introduced,introduced,introduced,introduced,introduced,introduced,introduced,introduced,introduced,introduced,introduced,introduced,introduced
103,hawlav,Rosaceae,Hawthorn,Lavalle Hawthorn,Crataegus  x  lavallei,cratxlav,,introduced,introduced,introduced,introduced,introduced,introduced,introduced,introduced,introduced,introduced,introduced,introduced,introduced,introduced,introduced,introduced,introduced,introduced,introduced,introduced,introduced,introduced,introduced,introduced,introduced,introduced,introduced,introduced
290,hawsca,Rosaceae,Hawthorn,Scarlet Hawthorn,Crataegus coccinea,cratcocc,,introduced,introduced,introduced,introduced,introduced,introduced,introduced,introduced,introduced,introduced,introduced,introduced,introduced,introduced,introduced,introduced,introduced,introduced,introduced,introduced,introduced,introduced,introduced,introduced,introduced,introduced,introduced,introduced
104,hawsin,Rosaceae,Hawthorn,Singleseed Hawthorne,Crataegus monogyna,cratmono,Europe,introduced,introduced,introduced,introduced,introduced,introduced,introduced,introduced,introduced,introduced,introduced,introduced,introduced,introduced,introduced,introduced,introduced,introduced,introduced,introduced,introduced,introduced,introduced,introduced,introduced,introduced,introduced,introduced
106,haznut,Betulaceae,Hazel,Hazel Nuts,Corylus americana,coryamer,"Eastern North America: Canada, USA",introduced,introduced,introduced,introduced,introduced,introduced,introduced,introduced,introduced,introduced,introduced,introduced,introduced,introduced,introduced,introduced,introduced,introduced,introduced,introduced,introduced,introduced,introduced,introduced,introduced,introduced,introduced,introduced
107,haztur,Betulaceae,Hazel,Turkish Hazelnut,Corylus colurna,corycolu,"Southeastern Europe, Western Asis",introduced,introduced,introduced,introduced,introduced,introduced,introduced,introduced,introduced,introduced,introduced,introduced,introduced,introduced,introduced,introduced,introduced,introduced,introduced,introduced,introduced,introduced,introduced,introduced,introduced,introduced,introduced,introduced
108,hazwit,Hamamelidaceae,Witch hazel,Witch hazel,Hamamelis virginiana,hamavirg,North America,introduced,introduced,introduced,introduced,introduced,native,introduced,introduced,introduced,native,introduced,native,native,native,native,native,native,native,introduced,native,native,introduced,native,native,native,native,native,native
110,hemeas,Pinaceae,Hemlock,Eastern Hemlock,Tsuga canadensis,tsugcana,Eastern Canada,native,native,native,native,native,native,native,native,native,native,native,native,native,native,native,native,native,native,native,native,native,native,introduced,native,native,native,native,native
111,hicbit,Juglandaceae,Hickory,Bitternut Hickory,Carya cordiformis,carycord,"southern Ontario & Quebec, Central-Eastern USA",introduced,introduced,introduced,introduced,introduced,introduced,introduced,introduced,introduced,native,introduced,native,native,native,native,native,native,native,introduced,native,native,introduced,native,native,native,native,native,native
112,hicpig,Juglandaceae,Hickory,Pignut Hickory,Carya glabra,caryglab,"Maine to Southern Ontario, South to Florida, Alabama and Mississippi",introduced,introduced,introduced,introduced,introduced,introduced,introduced,introduced,introduced,introduced,introduced,introduced,introduced,introduced,introduced,introduced,introduced,introduced,introduced,introduced,introduced,introduced,native,native,native,introduced,native,native
113,hicsha,Juglandaceae,Hickory,Shagbark Hickory,Carya ovata,caryovat,"Southern Ontario along the St. Lawrence River to Quebec, USA",introduced,introduced,introduced,introduced,introduced,introduced,introduced,introduced,introduced,introduced,introduced,native,native,native,native,native,native,introduced,introduced,native,introduced,introduced,native,native,native,native,native,native
114,hicshe,Juglandaceae,Hickory,Big Shellbark Hickory,Carya laciniosa,carylaci,"Southern Tip of Ontario, Central USA",introduced,introduced,introduced,introduced,introduced,introduced,introduced,introduced,introduced,introduced,introduced,introduced,introduced,introduced,introduced,introduced,introduced,introduced,introduced,introduced,introduced,introduced,native,native,introduced,introduced,native,introduced
116,holly,Aquifoliaceae,holly,holly,Ilex spp,ilexspp,,introduced,introduced,introduced,introduced,introduced,introduced,introduced,introduced,introduced,introduced,introduced,introduced,introduced,introduced,introduced,introduced,introduced,introduced,introduced,introduced,introduced,introduced,introduced,introduced,introduced,introduced,introduced,introduced
300,honfly,Caprifoliaceae,Honeysuckle,Fly Honeysuckle,Lonicera canadensis,lonicana,,introduced,introduced,introduced,introduced,introduced,introduced,introduced,introduced,introduced,introduced,introduced,introduced,introduced,introduced,introduced,introduced,introduced,introduced,introduced,introduced,introduced,introduced,introduced,introduced,introduced,introduced,introduced,introduced
118,hoptre,Rutaceae,Hop,Hope Tree,Ptelea trifoliata,pteltrif,"Southwestern Ontario, USA",introduced,introduced,introduced,introduced,introduced,introduced,introduced,introduced,introduced,introduced,introduced,introduced,introduced,introduced,introduced,introduced,native,introduced,introduced,introduced,introduced,introduced,native,introduced,introduced,introduced,native,introduced
119,horcom,Hippocastanaceae,Buckeye/Horsechestnut,Common Horsechestnut,Aesculus hippocastanum,aeschipp,Balkan Peninsula in Southeastern Europe,introduced,introduced,introduced,introduced,introduced,introduced,introduced,introduced,introduced,introduced,introduced,introduced,introduced,introduced,introduced,introduced,introduced,introduced,introduced,introduced,introduced,introduced,introduced,introduced,introduced,introduced,introduced,introduced
120,horeur,Betulaceae,Ironwood-Hornbeam,European Hornbeam,Carpinus betulus,carpbetu,"Europe, Asia Minor, Southeast of England",introduced,introduced,introduced,introduced,introduced,introduced,introduced,introduced,introduced,introduced,introduced,introduced,introduced,introduced,introduced,introduced,introduced,introduced,introduced,introduced,introduced,introduced,introduced,introduced,introduced,introduced,introduced,introduced
121,horred,Hippocastanaceae,Buckeye/Horsechestnut,Red Horsechestnut,Aesculus x carnea,aescxcar,Hybrid origin,introduced,introduced,introduced,introduced,introduced,introduced,introduced,introduced,introduced,introduced,introduced,introduced,introduced,introduced,introduced,introduced,introduced,introduced,introduced,introduced,introduced,introduced,introduced,introduced,introduced,introduced,introduced,introduced
123,hybpop,Salicaceae,Poplar,Poplar hybrid,Populus x hybida,popuxhyb,,introduced,introduced,introduced,introduced,introduced,introduced,introduced,introduced,introduced,introduced,introduced,introduced,introduced,introduced,introduced,introduced,introduced,introduced,introduced,introduced,introduced,introduced,introduced,introduced,introduced,introduced,introduced,introduced
124,ironwo,Betulaceae,Ironwood,Ironwood,Ostrya virginiana,ostrvirg,North-Eastern US,native,native,native,native,native,native,native,native,native,native,native,native,native,native,native,native,native,native,native,native,native,native,native,native,native,native,native,native
304,jappag,Fabaceae,Sophora,Japanese Pagoda Tree,Sophora japonica,sophjapo,,introduced,introduced,introduced,introduced,introduced,introduced,introduced,introduced,introduced,introduced,introduced,introduced,introduced,introduced,introduced,introduced,introduced,introduced,introduced,introduced,introduced,introduced,introduced,introduced,introduced,introduced,introduced,introduced
125,junchi,Cupressaceae,Juniper,Chinese Juniper,Juniperus chinensis,junichin,China,introduced,introduced,introduced,introduced,introduced,introduced,introduced,introduced,introduced,introduced,introduced,introduced,introduced,introduced,introduced,introduced,introduced,introduced,introduced,introduced,introduced,introduced,introduced,introduced,introduced,introduced,introduced,introduced
301,juncom,Cupressaceae,Juniper,Common juniper,Juniperus communis,junicomm,,native,native,native,native,native,native,native,native,native,native,native,native,native,native,native,native,native,native,native,native,native,native,native,native,native,introduced,native,native
302,juncre,Cupressaceae,Juniper,Creeping Juniper,Juniperus horizontalis,junihori,,introduced,native,introduced,introduced,introduced,introduced,introduced,introduced,introduced,introduced,native,introduced,introduced,introduced,introduced,introduced,introduced,introduced,native,introduced,introduced,native,introduced,introduced,introduced,introduced,introduced,introduced
126,junsav,Cupressaceae,Juniper,Savin Juniper,Juniperus sabina,junisabi,,introduced,introduced,introduced,introduced,introduced,introduced,introduced,introduced,introduced,introduced,introduced,introduced,introduced,introduced,introduced,introduced,introduced,introduced,introduced,introduced,introduced,introduced,introduced,introduced,introduced,introduced,introduced,introduced
128,kalopa,Araliaceae,Kalopanax,Kalopanax,Kalopanax pictus,kalopict,"China, Manchuria, and Japan",introduced,introduced,introduced,introduced,introduced,introduced,introduced,introduced,introduced,introduced,introduced,introduced,introduced,introduced,introduced,introduced,introduced,introduced,introduced,introduced,introduced,introduced,introduced,introduced,introduced,introduced,introduced,introduced
129,katsur,Cercidiphyllaceae,Katsura,Katsura Tree,Cercidiphyllum japonicum,cercjapo,"China, Japan",introduced,introduced,introduced,introduced,introduced,introduced,introduced,introduced,introduced,introduced,introduced,introduced,introduced,introduced,introduced,introduced,introduced,introduced,introduced,introduced,introduced,introduced,introduced,introduced,introduced,introduced,introduced,introduced
130,lareuo,Pinaceae,Larch,Euopean Larch,Larix decidua,larideci,Europe,introduced,introduced,introduced,introduced,introduced,introduced,introduced,introduced,introduced,introduced,introduced,introduced,introduced,introduced,introduced,introduced,introduced,introduced,introduced,introduced,introduced,introduced,introduced,introduced,introduced,introduced,introduced,introduced
131,larjap,Pinaceae,Larch,Japanese Larch,Larix leptolepis,larilept,,introduced,introduced,introduced,introduced,introduced,introduced,introduced,introduced,introduced,introduced,introduced,introduced,introduced,introduced,introduced,introduced,introduced,introduced,introduced,introduced,introduced,introduced,introduced,introduced,introduced,introduced,introduced,introduced
133,lilcom,Oleaceae,Lilac,Common Lilac,Syringa vulgaris,syrivulg,Southeast Europe,introduced,introduced,introduced,introduced,introduced,introduced,introduced,introduced,introduced,introduced,introduced,introduced,introduced,introduced,introduced,introduced,introduced,introduced,introduced,introduced,introduced,introduced,introduced,introduced,introduced,introduced,introduced,introduced
134,liljap,Oleaceae,Lilac,Japanese Tree Lilac,Syringa reticulata,syrireti,Japan,introduced,introduced,introduced,introduced,introduced,introduced,introduced,introduced,introduced,introduced,introduced,introduced,introduced,introduced,introduced,introduced,introduced,introduced,introduced,introduced,introduced,introduced,introduced,introduced,introduced,introduced,introduced,introduced
136,linbig,Tiliaceae,Linden-Basswood,Bigleaf Linden,Tilia platyphyllos,tiliplat,Europe,introduced,introduced,introduced,introduced,introduced,introduced,introduced,introduced,introduced,introduced,introduced,introduced,introduced,introduced,introduced,introduced,introduced,introduced,introduced,introduced,introduced,introduced,introduced,introduced,introduced,introduced,introduced,introduced
137,lineur,Tiliaceae,Linden-Basswood,European Linden,Tilia x europaea,tilixeur,,introduced,introduced,introduced,introduced,introduced,introduced,introduced,introduced,introduced,introduced,introduced,introduced,introduced,introduced,introduced,introduced,introduced,introduced,introduced,introduced,introduced,introduced,introduced,introduced,introduced,introduced,introduced,introduced
138,linhyb,Tiliaceae,Linden-Basswood,Hybrid Little-Leaf Linden,Tilia x flavescens,tilixfla,,introduced,introduced,introduced,introduced,introduced,introduced,introduced,introduced,introduced,introduced,introduced,introduced,introduced,introduced,introduced,introduced,introduced,introduced,introduced,introduced,introduced,introduced,introduced,introduced,introduced,introduced,introduced,introduced
139,linlit,Tiliaceae,Linden-Basswood,Little-Leaf Linden,Tilia cordata,tilicord,Europe,introduced,introduced,introduced,introduced,introduced,introduced,introduced,introduced,introduced,introduced,introduced,introduced,introduced,introduced,introduced,introduced,introduced,introduced,introduced,introduced,introduced,introduced,introduced,introduced,introduced,introduced,introduced,introduced
140,linsil,Tiliaceae,Linden-Basswood,Silver Linden,Tilia tomentosa,tilitome,"Southeast Asia, Asia",introduced,introduced,introduced,introduced,introduced,introduced,introduced,introduced,introduced,introduced,introduced,introduced,introduced,introduced,introduced,introduced,introduced,introduced,introduced,introduced,introduced,introduced,introduced,introduced,introduced,introduced,introduced,introduced
142,locbla,Fabaceae,Black Locust,Black Locust,Robinia pseudoacacia,robipseu,Eastern US,introduced,introduced,introduced,introduced,introduced,introduced,introduced,introduced,introduced,introduced,introduced,introduced,introduced,introduced,introduced,introduced,introduced,introduced,introduced,introduced,introduced,introduced,introduced,introduced,introduced,introduced,introduced,introduced
143,lochon,Fabaceae,Honey Locust,Honey Locust,Gleditsia triacanthos,gledtria,North America: Carolinian and surrounding areas,introduced,introduced,introduced,introduced,introduced,introduced,introduced,introduced,introduced,introduced,introduced,introduced,introduced,introduced,introduced,introduced,introduced,introduced,introduced,introduced,introduced,introduced,native,introduced,introduced,introduced,introduced,introduced
144,magsau,Magnoliaceae,Magnolia,Saucer Magnolia,Magnolia  x  soulangeana,magnxsou,,introduced,introduced,introduced,introduced,introduced,introduced,introduced,introduced,introduced,introduced,introduced,introduced,introduced,introduced,introduced,introduced,introduced,introduced,introduced,introduced,introduced,introduced,introduced,introduced,introduced,introduced,introduced,introduced
146,magsta,Magnoliaceae,Magnolia,Star Magnolia,Magnolia stellata,magnstel,,introduced,introduced,introduced,introduced,introduced,introduced,introduced,introduced,introduced,introduced,introduced,introduced,introduced,introduced,introduced,introduced,introduced,introduced,introduced,introduced,introduced,introduced,introduced,introduced,introduced,introduced,introduced,introduced
147,magumb,Magnoliaceae,Magnolia,Umbrella Magnolia,Magnolia tripetala,magntrip,Pennsylvania to Alabama and Mississippi,introduced,introduced,introduced,introduced,introduced,introduced,introduced,introduced,introduced,introduced,introduced,introduced,introduced,introduced,introduced,introduced,introduced,introduced,introduced,introduced,introduced,introduced,introduced,introduced,introduced,introduced,introduced,introduced
148,mapamu,Aceraceae,Maple,Amur Maple,Acer ginnala,acerginn,Eastern Asia,introduced,introduced,introduced,introduced,introduced,introduced,introduced,introduced,introduced,introduced,introduced,introduced,introduced,introduced,introduced,introduced,introduced,introduced,introduced,introduced,introduced,introduced,introduced,introduced,introduced,introduced,introduced,introduced
149,mapbla,Aceraceae,Maple,Black Maple,Acer saccharum ssppnigrum,acersacc,,introduced,introduced,introduced,introduced,introduced,native,native,native,introduced,native,introduced,native,native,native,native,native,native,native,native,native,native,introduced,native,native,native,native,native,native
150,mapfre,Aceraceae,Maple,Freman Maple,Acer x freemanii,acerxfre,hybrid,introduced,introduced,introduced,introduced,introduced,introduced,introduced,introduced,introduced,introduced,introduced,introduced,introduced,introduced,introduced,introduced,introduced,introduced,introduced,introduced,introduced,introduced,introduced,introduced,introduced,introduced,introduced,introduced
151,maphed,Aceraceae,Maple,Hedge Maple,Acer campestre,acercamp,"Europe, Northern Turkey, Caucasus, Northern Iran",introduced,introduced,introduced,introduced,introduced,introduced,introduced,introduced,introduced,introduced,introduced,introduced,introduced,introduced,introduced,introduced,introduced,introduced,introduced,introduced,introduced,introduced,introduced,introduced,introduced,introduced,introduced,introduced
152,mapjap,Aceraceae,Maple,Japanese Maple,Acer palmatum,acerpalm,Eastern Asia,introduced,introduced,introduced,introduced,introduced,introduced,introduced,introduced,introduced,introduced,introduced,introduced,introduced,introduced,introduced,introduced,introduced,introduced,introduced,introduced,introduced,introduced,introduced,introduced,introduced,introduced,introduced,introduced
153,mapman,Aceraceae,Maple,Manitoba Maple,Acer negundo,acernegu,Naturalized beyond  its natural range.,introduced,introduced,introduced,introduced,introduced,introduced,introduced,introduced,introduced,introduced,introduced,introduced,introduced,introduced,introduced,introduced,introduced,introduced,introduced,introduced,introduced,introduced,native,native,introduced,native,introduced,introduced
154,mapmou,Aceraceae,Maple,Mountain Maple,Acer spicatum,acerspic,"New Foundland South to Northern Georgia, West to East Saskatchewan, Northeast to Minnesota",native,native,native,native,native,native,native,native,native,native,native,native,native,native,native,native,native,native,native,native,native,native,native,native,native,native,native,native
155,mapnor,Aceraceae,Maple,Norway Maple,Acer platanoides,acerplat,Europe,introduced,introduced,introduced,introduced,introduced,introduced,introduced,introduced,introduced,introduced,introduced,introduced,introduced,introduced,introduced,introduced,introduced,introduced,introduced,introduced,introduced,introduced,introduced,introduced,introduced,introduced,introduced,introduced
303,mappap,Aceraceae,Maple,Paperbark Maple,Acer griseum,acergris,,introduced,introduced,introduced,introduced,introduced,introduced,introduced,introduced,introduced,introduced,introduced,introduced,introduced,introduced,introduced,introduced,introduced,introduced,introduced,introduced,introduced,introduced,introduced,introduced,introduced,introduced,introduced,introduced
156,mapred,Aceraceae,Maple,Red Maple,Acer rubrum,acerrubr,South-Eastern US,native,native,native,native,native,native,native,native,native,native,native,native,native,native,native,native,native,native,native,native,native,native,native,native,native,native,native,native
157,mapsil,Aceraceae,Maple,Silver Maple,Acer saccharinum,acersacc,North America,introduced,introduced,introduced,introduced,introduced,native,native,native,introduced,native,introduced,native,native,native,native,native,native,native,native,native,native,introduced,native,native,native,native,native,native
159,mapstr,Aceraceae,Maple,Striped Maple,Acer pensylvanicum,acerpens,"Quebec to Wisconsin, South to Northern Georgia; United States",native,native,native,native,native,native,native,native,native,native,introduced,introduced,native,native,native,native,native,native,native,native,native,native,introduced,introduced,introduced,introduced,introduced,introduced
160,mapsug,Aceraceae,Maple,Sugar Maple,Acer saccharum,acersacr,"Maritime provinces, Southern Ontario and Quebec.",native,native,native,native,native,native,native,native,native,native,native,native,native,native,native,native,native,native,native,native,native,native,native,native,native,native,native,native
161,mapsyc,Aceraceae,Maple,Sycamore Maple,Acer pseudoplatanus,acerpseu,Europe to Western Asia,introduced,introduced,introduced,introduced,introduced,introduced,introduced,introduced,introduced,introduced,introduced,introduced,introduced,introduced,introduced,introduced,introduced,introduced,introduced,introduced,introduced,introduced,introduced,introduced,introduced,introduced,introduced,introduced
162,maptat,Aceraceae,Maple,Tatarian Maple,Acer tatricum,acertatr,,introduced,introduced,introduced,introduced,introduced,introduced,introduced,introduced,introduced,introduced,introduced,introduced,introduced,introduced,introduced,introduced,introduced,introduced,introduced,introduced,introduced,introduced,introduced,introduced,introduced,introduced,introduced,introduced
163,mouame,Rosaceae,Mountin Ash/Whitebeam,American Mountainash,Sorbus americana,sorbamer,North America,native,native,native,native,native,native,native,native,native,native,native,introduced,introduced,introduced,introduced,native,native,introduced,introduced,introduced,native,native,introduced,introduced,introduced,introduced,introduced,introduced
164,mouchi,Rosaceae,Mountin Ash/Whitebeam,Chinese Mountainash,Sorbus pohuashanensis,sorbpohu,,introduced,introduced,introduced,introduced,introduced,introduced,introduced,introduced,introduced,introduced,introduced,introduced,introduced,introduced,introduced,introduced,introduced,introduced,introduced,introduced,introduced,introduced,introduced,introduced,introduced,introduced,introduced,introduced
165,moucut,Rosaceae,Mountin Ash/Whitebeam,Cutleaf Mountainash,Sorbus x thuringiaca,sorbxthu,,introduced,introduced,introduced,introduced,introduced,introduced,introduced,introduced,introduced,introduced,introduced,introduced,introduced,introduced,introduced,introduced,introduced,introduced,introduced,introduced,introduced,introduced,introduced,introduced,introduced,introduced,introduced,introduced
166,moueur,Rosaceae,Mountin Ash/Whitebeam,European Mountainash,Sorbus aucuparia,sorbaucu,Europe,introduced,introduced,introduced,introduced,introduced,introduced,introduced,introduced,introduced,introduced,introduced,introduced,introduced,introduced,introduced,introduced,introduced,introduced,introduced,introduced,introduced,introduced,introduced,introduced,introduced,introduced,introduced,introduced
167,mouhyb,Rosaceae,Mountin Ash/Whitebeam,Finnish Whitebeam,Sorbus x hybrida,sorbxhyb,,introduced,introduced,introduced,introduced,introduced,introduced,introduced,introduced,introduced,introduced,introduced,introduced,introduced,introduced,introduced,introduced,introduced,introduced,introduced,introduced,introduced,introduced,introduced,introduced,introduced,introduced,introduced,introduced
168,moukor,Rosaceae,Mountin Ash/Whitebeam,Korean Mountainash,Sorbus alnifolia,sorbalni,East Asia,introduced,introduced,introduced,introduced,introduced,introduced,introduced,introduced,introduced,introduced,introduced,introduced,introduced,introduced,introduced,introduced,introduced,introduced,introduced,introduced,introduced,introduced,introduced,introduced,introduced,introduced,introduced,introduced
169,mousho,Rosaceae,Mountin Ash/Whitebeam,Showy Mountainash,Sorbus decora,sorbdeco,,native,native,native,native,native,native,native,native,native,native,native,introduced,introduced,introduced,introduced,native,native,introduced,native,introduced,native,introduced,introduced,introduced,introduced,introduced,introduced,introduced
171,mouwhi,Rosaceae,Mountin Ash/Whitebeam,Whitebeam Mountainash,Sorbus aria,sorbaria,,introduced,introduced,introduced,introduced,introduced,introduced,introduced,introduced,introduced,introduced,introduced,introduced,introduced,introduced,introduced,introduced,introduced,introduced,introduced,introduced,introduced,introduced,introduced,introduced,introduced,introduced,introduced,introduced
172,mulbla,Moraceae,Mulberry,Black Mulberry,Morus nigra,morunigr,,introduced,introduced,introduced,introduced,introduced,introduced,introduced,introduced,introduced,introduced,introduced,introduced,introduced,introduced,introduced,introduced,introduced,introduced,introduced,introduced,introduced,introduced,introduced,introduced,introduced,introduced,introduced,introduced
173,mulred,Moraceae,Mulberry,Red Mulberry,Morus rubra,morurubr,,introduced,introduced,introduced,introduced,introduced,introduced,introduced,introduced,introduced,introduced,introduced,introduced,introduced,introduced,introduced,introduced,introduced,introduced,introduced,introduced,introduced,introduced,native,native,native,native,native,introduced
175,mulwhi,Moraceae,Mulberry,White Mulberry,Morus alba,morualba,China,introduced,introduced,introduced,introduced,introduced,introduced,introduced,introduced,introduced,introduced,introduced,introduced,introduced,introduced,introduced,introduced,introduced,introduced,introduced,introduced,introduced,introduced,introduced,introduced,introduced,introduced,introduced,introduced
176,nannyb,Rutaceae,Viburnum,Nannyberry,Viburnum lentago,vibulent,"Hudson Bay, South to Georgia and Mississippi; United States",introduced,introduced,introduced,introduced,introduced,native,native,introduced,native,native,introduced,native,native,native,native,native,native,native,native,native,native,introduced,native,native,native,native,native,native
177,oakbla,Fagaceae,Oak,Black Oak,Quercus velutina,quervelu,North America,introduced,introduced,introduced,introduced,introduced,introduced,introduced,introduced,introduced,introduced,introduced,native,native,introduced,introduced,introduced,introduced,native,introduced,native,introduced,introduced,native,native,native,native,native,native
178,oakbur,Fagaceae,Oak,Bur Oak,Quercus macrocarpa,quermacr,North-Eastern US,native,native,native,native,native,native,native,native,native,native,native,native,native,native,native,native,native,native,native,native,native,native,native,native,native,native,native,native
179,oakchi,Fagaceae,Oak,Chinkapin Oak,Quercus muehlenbergii,quermueh,North America,introduced,introduced,introduced,introduced,introduced,introduced,introduced,introduced,introduced,introduced,introduced,native,native,native,native,native,introduced,native,introduced,native,introduced,introduced,native,native,native,native,native,native
180,oakeng,Fagaceae,Oak,English Oak,Quercus robur,querrobu,Europe,introduced,introduced,introduced,introduced,introduced,introduced,introduced,introduced,introduced,introduced,introduced,introduced,introduced,introduced,introduced,introduced,introduced,introduced,introduced,introduced,introduced,introduced,introduced,introduced,introduced,introduced,introduced,introduced
181,oakgar,Fagaceae,Oak,Garry Oak,Quercus garryana,quergarr,British Colombia to California; United States,introduced,introduced,introduced,introduced,introduced,introduced,introduced,introduced,introduced,introduced,introduced,introduced,introduced,introduced,introduced,introduced,introduced,introduced,introduced,introduced,introduced,introduced,introduced,introduced,introduced,introduced,introduced,introduced
182,oakhil,Fagaceae,Oak,Hill's Oak,Quercus ellipsoidallis,querelli,,introduced,introduced,introduced,introduced,introduced,introduced,introduced,introduced,introduced,introduced,introduced,introduced,introduced,introduced,introduced,introduced,introduced,introduced,introduced,introduced,introduced,introduced,introduced,introduced,introduced,introduced,introduced,introduced
284,oakmou,Fagaceae,Oak,Mountain Oak/Blue Oak,Quercus douglasii,querdoug,,introduced,introduced,introduced,introduced,introduced,introduced,introduced,introduced,introduced,introduced,introduced,introduced,introduced,introduced,introduced,introduced,introduced,introduced,introduced,introduced,introduced,introduced,introduced,introduced,introduced,introduced,introduced,introduced
183,oakpin,Fagaceae,Oak,Pin Oak,Quercus palustris,querpalu,North-Eastern US,introduced,introduced,introduced,introduced,introduced,introduced,introduced,introduced,introduced,introduced,introduced,introduced,introduced,introduced,introduced,introduced,introduced,introduced,introduced,introduced,introduced,introduced,native,native,native,introduced,native,introduced
184,oakred,Fagaceae,Oak,Red Oak,Quercus rubra,querrubr,"Great Lake, St. Lawrence, Carolinian, North-Eastern US",native,native,native,native,native,native,native,native,native,native,native,native,native,native,native,native,native,native,native,native,native,native,native,native,native,native,native,native
185,oaksca,Fagaceae,Oak,Scarlet Oak,Quercus coccinea,quercocc,North America,introduced,introduced,introduced,introduced,introduced,introduced,introduced,introduced,introduced,introduced,introduced,introduced,introduced,introduced,introduced,introduced,introduced,introduced,introduced,introduced,introduced,introduced,introduced,introduced,introduced,introduced,introduced,introduced
186,oakshi,Fagaceae,Oak,Shingle Oak,Quercus imbricaria,querimbr,North America,introduced,introduced,introduced,introduced,introduced,introduced,introduced,introduced,introduced,introduced,introduced,introduced,introduced,introduced,introduced,introduced,introduced,introduced,introduced,introduced,introduced,introduced,introduced,introduced,introduced,introduced,introduced,introduced
187,oakshu,Fagaceae,Oak,Shumard Oak,Quercus shumardii,quershum,North America,introduced,introduced,introduced,introduced,introduced,introduced,introduced,introduced,introduced,introduced,introduced,introduced,introduced,introduced,introduced,introduced,introduced,introduced,introduced,introduced,introduced,introduced,introduced,introduced,introduced,introduced,introduced,introduced
189,oakswa,Fagaceae,Oak,Swamp White Oak,Quercus bicolor,querbico,North America,introduced,introduced,introduced,introduced,introduced,introduced,introduced,introduced,introduced,introduced,introduced,introduced,introduced,introduced,introduced,introduced,native,introduced,introduced,introduced,introduced,introduced,native,native,native,native,native,native
190,oakwhi,Fagaceae,Oak,White Oak,Quercus alba,queralba,North-Eastern US,introduced,introduced,introduced,introduced,introduced,native,native,introduced,native,native,introduced,native,native,native,native,native,native,native,introduced,native,native,introduced,native,native,native,native,native,native
191,olirus,Elaeagnaceae,Russian Olive,Russian Olive,Elaeagnus angustifolia,elaeangu,Europe and Western Asia,introduced,introduced,introduced,introduced,introduced,introduced,introduced,introduced,introduced,introduced,introduced,introduced,introduced,introduced,introduced,introduced,introduced,introduced,introduced,introduced,introduced,introduced,introduced,introduced,introduced,introduced,introduced,introduced
192,oraosa,Moraceae,Osage,Osage Orange,Maclura pomifera,maclpomi,North America,introduced,introduced,introduced,introduced,introduced,introduced,introduced,introduced,introduced,introduced,introduced,introduced,introduced,introduced,introduced,introduced,introduced,introduced,introduced,introduced,introduced,introduced,introduced,introduced,introduced,introduced,introduced,introduced
308,paulon,Paulowniaceae,Paulonia,Paulonia / Princcess Tree,Paulownia tomentosa,paultome,,introduced,introduced,introduced,introduced,introduced,introduced,introduced,introduced,introduced,introduced,introduced,introduced,introduced,introduced,introduced,introduced,introduced,introduced,introduced,introduced,introduced,introduced,introduced,introduced,introduced,introduced,introduced,introduced
193,pawpaw,Annonaceae,Pawpaw,Pawpaw,Asminia triloba,asmitril,,introduced,introduced,introduced,introduced,introduced,introduced,introduced,introduced,introduced,introduced,introduced,introduced,introduced,introduced,introduced,introduced,introduced,introduced,introduced,introduced,introduced,introduced,introduced,introduced,introduced,introduced,introduced,introduced
281,peachs,Rosaceae,Peach,peach,Prunus persica,prunpers,,introduced,introduced,introduced,introduced,introduced,introduced,introduced,introduced,introduced,introduced,introduced,introduced,introduced,introduced,introduced,introduced,introduced,introduced,introduced,introduced,introduced,introduced,introduced,introduced,introduced,introduced,introduced,introduced
194,peacom,Rosaceae,Pear/Flowering Pear,Common Pear,Pyrus communis,pyrucomm,,introduced,introduced,introduced,introduced,introduced,introduced,introduced,introduced,introduced,introduced,introduced,introduced,introduced,introduced,introduced,introduced,introduced,introduced,introduced,introduced,introduced,introduced,introduced,introduced,introduced,introduced,introduced,introduced
195,peaflo,Rosaceae,Pear/Flowering Pear,Flowering Pear,Pyrus calleryana,pyrucall,,introduced,introduced,introduced,introduced,introduced,introduced,introduced,introduced,introduced,introduced,introduced,introduced,introduced,introduced,introduced,introduced,introduced,introduced,introduced,introduced,introduced,introduced,introduced,introduced,introduced,introduced,introduced,introduced
196,peahar,Rosaceae,Pear/Flowering Pear,Harbin Pear,Pyrus ussuriensis,pyruussu,Northeast Asia,introduced,introduced,introduced,introduced,introduced,introduced,introduced,introduced,introduced,introduced,introduced,introduced,introduced,introduced,introduced,introduced,introduced,introduced,introduced,introduced,introduced,introduced,introduced,introduced,introduced,introduced,introduced,introduced
197,peapea,Rosaceae,Pear/Flowering Pear,Pear/Flowering Pear species,Pyrus spp,pyruspp,,introduced,introduced,introduced,introduced,introduced,introduced,introduced,introduced,introduced,introduced,introduced,introduced,introduced,introduced,introduced,introduced,introduced,introduced,introduced,introduced,introduced,introduced,introduced,introduced,introduced,introduced,introduced,introduced
198,peawee,Fabaceae,Peashrub,Weeping Peashrub,Caragana arborescens,caraarbo,"Siberia, Manchuria",introduced,introduced,introduced,introduced,introduced,introduced,introduced,introduced,introduced,introduced,introduced,introduced,introduced,introduced,introduced,introduced,introduced,introduced,introduced,introduced,introduced,introduced,introduced,introduced,introduced,introduced,introduced,introduced
199,persim,Ebenaceae,Persimmon,Persimmon,Diospyros virginiana,diosvirg,North America,introduced,introduced,introduced,introduced,introduced,introduced,introduced,introduced,introduced,introduced,introduced,introduced,introduced,introduced,introduced,introduced,introduced,introduced,introduced,introduced,introduced,introduced,introduced,introduced,introduced,introduced,introduced,introduced
200,pinaus,Pinaceae,Pine,Austrian Pine,Pinus nigra,pinunigr,Southern Europe,introduced,introduced,introduced,introduced,introduced,introduced,introduced,introduced,introduced,introduced,introduced,introduced,introduced,introduced,introduced,introduced,introduced,introduced,introduced,introduced,introduced,introduced,introduced,introduced,introduced,introduced,introduced,introduced
201,pinbri,Pinaceae,Pine,Bristlecone Pine,Pinus aristata,pinuaris,"Mountains, California to Colorado; United States",introduced,introduced,introduced,introduced,introduced,introduced,introduced,introduced,introduced,introduced,introduced,introduced,introduced,introduced,introduced,introduced,introduced,introduced,introduced,introduced,introduced,introduced,introduced,introduced,introduced,introduced,introduced,introduced
305,pinhim,Pinaceae,Pine,Himalayan Pine,Pinus wallichiana,pinuwall,,introduced,introduced,introduced,introduced,introduced,introduced,introduced,introduced,introduced,introduced,introduced,introduced,introduced,introduced,introduced,introduced,introduced,introduced,introduced,introduced,introduced,introduced,introduced,introduced,introduced,introduced,introduced,introduced
202,pinjac,Pinaceae,Pine,Jack Pine,Pinus banksiana,pinubank,North America: Nova Scotia to New York and Minnesota; United States,native,native,native,native,native,native,native,native,native,native,native,introduced,introduced,introduced,introduced,native,native,introduced,native,introduced,native,native,introduced,introduced,introduced,introduced,introduced,introduced
306,pinlob,Pinaceae,Pine,Loblolly Pine,Pinus taeda,pinutaed,,introduced,introduced,introduced,introduced,introduced,introduced,introduced,introduced,introduced,introduced,introduced,introduced,introduced,introduced,introduced,introduced,introduced,introduced,introduced,introduced,introduced,introduced,introduced,introduced,introduced,introduced,introduced,introduced
203,pinmug,Pinaceae,Pine,Mugo Pine,Pinus mugo,pinumugo,Europe,introduced,introduced,introduced,introduced,introduced,introduced,introduced,introduced,introduced,introduced,introduced,introduced,introduced,introduced,introduced,introduced,introduced,introduced,introduced,introduced,introduced,introduced,introduced,introduced,introduced,introduced,introduced,introduced
204,pinpit,Pinaceae,Pine,Pitch Pine,Pinus rigida,pinurigi,North Amerika: New Brunswick to Kentucky and California,introduced,introduced,introduced,introduced,introduced,introduced,introduced,introduced,introduced,introduced,introduced,introduced,introduced,introduced,native,native,introduced,introduced,introduced,introduced,introduced,introduced,introduced,introduced,introduced,introduced,introduced,introduced
205,pinpon,Pinaceae,Pine,Ponderosa Pine,Pinus ponderosa,pinupond,North America,introduced,introduced,introduced,introduced,introduced,introduced,introduced,introduced,introduced,introduced,introduced,introduced,introduced,introduced,introduced,introduced,introduced,introduced,introduced,introduced,introduced,introduced,introduced,introduced,introduced,introduced,introduced,introduced
206,pinred,Pinaceae,Pine,Red Pine,Pinus resinosa,pinuresi,New Foundland to Pennsylvania and Minnesota; United States,native,native,native,native,native,native,native,native,native,native,native,native,native,native,native,native,native,native,native,native,native,native,introduced,introduced,introduced,native,introduced,introduced
208,pinsco,Pinaceae,Pine,Scot's Pine,Pinus sylvestris,pinusylv,Eurasia,introduced,introduced,introduced,introduced,introduced,introduced,introduced,introduced,introduced,introduced,introduced,introduced,introduced,introduced,introduced,introduced,introduced,introduced,introduced,introduced,introduced,introduced,introduced,introduced,introduced,introduced,introduced,introduced
311,pinwes,Pinaceae,Pine,Western White Pine,Pinus monticola,pinumont,Pacific Northwest,introduced,introduced,introduced,introduced,introduced,introduced,introduced,introduced,introduced,introduced,introduced,introduced,introduced,introduced,introduced,introduced,introduced,introduced,introduced,introduced,introduced,introduced,introduced,introduced,introduced,introduced,introduced,introduced
210,pinwhi,Pinaceae,Pine,White Pine,Pinus strobus,pinustro,"South-Eastern Canada, North-Eastern US",introduced,introduced,introduced,introduced,introduced,introduced,introduced,introduced,introduced,introduced,introduced,introduced,introduced,introduced,introduced,introduced,introduced,introduced,introduced,introduced,introduced,introduced,introduced,introduced,introduced,introduced,introduced,introduced
211,plalon,Platanaceae,Plane-Sycamore,London Plane,Platanus x acerifolia,platxace,,introduced,introduced,introduced,introduced,introduced,introduced,introduced,introduced,introduced,introduced,introduced,introduced,introduced,introduced,introduced,introduced,introduced,introduced,introduced,introduced,introduced,introduced,introduced,introduced,introduced,introduced,introduced,introduced
214,pluame,Rosaceae,Cherry/Plum,American Plum,Prunus americana,prunamer,Central North America,introduced,introduced,introduced,introduced,introduced,introduced,introduced,introduced,introduced,introduced,introduced,introduced,introduced,introduced,introduced,introduced,introduced,introduced,introduced,introduced,introduced,introduced,native,native,native,native,native,native
215,plucan,Rosaceae,Cherry/Plum,Canada Plum,Prunus nigra,prunnigr,"SE Canada, NE U.S.A.",introduced,introduced,introduced,introduced,introduced,native,native,introduced,native,native,introduced,native,native,native,native,native,native,native,native,native,native,native,native,native,native,native,native,native
216,plumyr,Rosaceae,Cherry/Plum,Myrobalan Plum,Prunus cersifera,pruncers,,introduced,introduced,introduced,introduced,introduced,introduced,introduced,introduced,introduced,introduced,introduced,introduced,introduced,introduced,introduced,introduced,introduced,introduced,introduced,introduced,introduced,introduced,introduced,introduced,introduced,introduced,introduced,introduced
287,poorce,Chamaecyparis,Chamaecyparis,Port Orford Cedar,Chamaecyparis lawsoniana,chamlaws,,introduced,introduced,introduced,introduced,introduced,introduced,introduced,introduced,introduced,introduced,introduced,introduced,introduced,introduced,introduced,introduced,introduced,introduced,introduced,introduced,introduced,introduced,introduced,introduced,introduced,introduced,introduced,introduced
217,popbal,Salicaceae,Poplar,Balsam Poplar,Populus balsamifera,popubals,Across Canada,native,native,native,native,native,native,native,native,native,native,native,native,native,native,native,native,native,native,native,native,native,native,native,native,native,native,native,native
218,popbla,Salicaceae,Poplar,Black Poplar,Populus nigra,popunigr,"Wurope, N africa, West-Central Asia",introduced,introduced,introduced,introduced,introduced,introduced,introduced,introduced,introduced,introduced,introduced,introduced,introduced,introduced,introduced,introduced,introduced,introduced,introduced,introduced,introduced,introduced,introduced,introduced,introduced,introduced,introduced,introduced
219,popcar,Salicaceae,Poplar,Carolina Poplar,Populus x canadensis,popuxcan,,introduced,introduced,introduced,introduced,introduced,introduced,introduced,introduced,introduced,introduced,introduced,introduced,introduced,introduced,introduced,introduced,introduced,introduced,introduced,introduced,introduced,introduced,introduced,introduced,introduced,introduced,introduced,introduced
221,popwhi,Salicaceae,Poplar,European White Poplar,Populus alba,popualba,"Wurope, N africa, West-Central Asia",introduced,introduced,introduced,introduced,introduced,introduced,introduced,introduced,introduced,introduced,introduced,introduced,introduced,introduced,introduced,introduced,introduced,introduced,introduced,introduced,introduced,introduced,introduced,introduced,introduced,introduced,introduced,introduced
223,raintr,Sapindaceae,Goldenrain Tree,Goldenrain Tree,Koelreuteria paniculata,koelpani,Southern Europe,introduced,introduced,introduced,introduced,introduced,introduced,introduced,introduced,introduced,introduced,introduced,introduced,introduced,introduced,introduced,introduced,introduced,introduced,introduced,introduced,introduced,introduced,introduced,introduced,introduced,introduced,introduced,introduced
224,redbud,Fabaceae,Redbud,Redbud,Cercis canadensis,cerccana,"Eastern North America from Mexico north, Pelee Island",introduced,introduced,introduced,introduced,introduced,introduced,introduced,introduced,introduced,introduced,introduced,introduced,introduced,introduced,introduced,introduced,introduced,introduced,introduced,introduced,introduced,introduced,introduced,introduced,introduced,introduced,introduced,introduced
225,reddaw,Taxodiaceae,Redwood,Dawn Redwood,Metasequoia glyptostroboides,metaglyp,"Szechwan, China",introduced,introduced,introduced,introduced,introduced,introduced,introduced,introduced,introduced,introduced,introduced,introduced,introduced,introduced,introduced,introduced,introduced,introduced,introduced,introduced,introduced,introduced,introduced,introduced,introduced,introduced,introduced,introduced
286,redwoo,Taxodiaceae,Sequoia,Redwood,Sequoia sempervirens,sequsemp,California,introduced,introduced,introduced,introduced,introduced,introduced,introduced,introduced,introduced,introduced,introduced,introduced,introduced,introduced,introduced,introduced,introduced,introduced,introduced,introduced,introduced,introduced,introduced,introduced,introduced,introduced,introduced,introduced
228,rossha,Malvaceae,Rose-of-Sharon,Rose-of-Sharon,Hibiscus syriacus,hibisyri,,introduced,introduced,introduced,introduced,introduced,introduced,introduced,introduced,introduced,introduced,introduced,introduced,introduced,introduced,introduced,introduced,introduced,introduced,introduced,introduced,introduced,introduced,introduced,introduced,introduced,introduced,introduced,introduced
229,sassaf,Lauraceae,Sassafras,Sassafras,Sassafras albidum,sassalbi,North America,introduced,introduced,introduced,introduced,introduced,introduced,introduced,introduced,introduced,introduced,introduced,introduced,introduced,introduced,introduced,introduced,introduced,introduced,introduced,introduced,introduced,introduced,native,native,native,native,native,native
231,serdow,Rosaceae,Serviceberry,Downy Serviceberry,Amelanchier arborea,amelarbo,North America,native,native,native,native,native,native,native,native,native,native,native,native,native,native,native,native,native,native,native,native,native,native,native,native,native,native,native,native
232,sersmo,Rosaceae,Serviceberry,Smooth-Leaved Serviceberry,Amelanchier laevis,amellaev,North America,introduced,introduced,introduced,introduced,introduced,introduced,introduced,introduced,introduced,introduced,introduced,introduced,introduced,introduced,introduced,introduced,introduced,introduced,introduced,introduced,introduced,introduced,introduced,introduced,introduced,introduced,introduced,introduced
230,servic,Rosaceae,Serviceberry,Serviceberry,Amelanchier canadensis,amelcana,North America,introduced,introduced,introduced,introduced,introduced,introduced,introduced,introduced,introduced,introduced,introduced,introduced,introduced,introduced,introduced,introduced,introduced,introduced,introduced,introduced,introduced,introduced,introduced,introduced,introduced,introduced,introduced,introduced
234,silcar,Styracaceae,Silverbell,Carolina Silverbell,Halesia carolina,halecaro,North America,introduced,introduced,introduced,introduced,introduced,introduced,introduced,introduced,introduced,introduced,introduced,introduced,introduced,introduced,introduced,introduced,introduced,introduced,introduced,introduced,introduced,introduced,introduced,introduced,introduced,introduced,introduced,introduced
235,smotre,Anacardiaceae,Smoketree,Smoketree,Cotinus coggygria,coticogg,Southern Europe to Asia,introduced,introduced,introduced,introduced,introduced,introduced,introduced,introduced,introduced,introduced,introduced,introduced,introduced,introduced,introduced,introduced,introduced,introduced,introduced,introduced,introduced,introduced,introduced,introduced,introduced,introduced,introduced,introduced
237,sprbla,Pinaceae,Spruce,Black Spruce,Picea mariana,picemari,"North America: Alaska and Northern States to mountains of Virginia,  Across Canada",native,native,native,native,native,native,native,native,native,native,native,native,native,native,native,native,native,native,native,native,native,native,introduced,introduced,native,native,native,introduced
238,sprblu,Pinaceae,Spruce,Blue Spruce,Picea pungens,picepung,US Rocky Mountains,introduced,introduced,introduced,introduced,introduced,introduced,introduced,introduced,introduced,introduced,introduced,introduced,introduced,introduced,introduced,introduced,introduced,introduced,introduced,introduced,introduced,introduced,introduced,introduced,introduced,introduced,introduced,introduced
239,spreng,Pinaceae,Spruce,Engleman Spruce,Picea englemannii,piceengl,Western North America,introduced,introduced,introduced,introduced,introduced,introduced,introduced,introduced,introduced,introduced,introduced,introduced,introduced,introduced,introduced,introduced,introduced,introduced,introduced,introduced,introduced,introduced,introduced,introduced,introduced,introduced,introduced,introduced
240,sprnor,Pinaceae,Spruce,Norway Spruce,Picea abies,piceabie,Europe and Asia,introduced,introduced,introduced,introduced,introduced,introduced,introduced,introduced,introduced,introduced,introduced,introduced,introduced,introduced,introduced,introduced,introduced,introduced,introduced,introduced,introduced,introduced,introduced,introduced,introduced,introduced,introduced,introduced
241,sprred,Pinaceae,Spruce,Red Spruce,Picea rubens,picerube,,introduced,introduced,introduced,introduced,introduced,introduced,native,native,native,native,introduced,introduced,introduced,introduced,introduced,introduced,native,introduced,introduced,introduced,introduced,introduced,introduced,introduced,introduced,introduced,introduced,introduced
242,sprser,Pinaceae,Spruce,Serbian Spruce,Picea omrika,piceomri,,introduced,introduced,introduced,introduced,introduced,introduced,introduced,introduced,introduced,introduced,introduced,introduced,introduced,introduced,introduced,introduced,introduced,introduced,introduced,introduced,introduced,introduced,introduced,introduced,introduced,introduced,introduced,introduced
244,sprwhi,Pinaceae,Spruce,White Spruce,Picea glauca,piceglau,North America: Across Canada,native,native,native,native,native,native,native,native,native,native,native,native,native,native,native,native,native,introduced,native,native,native,native,introduced,introduced,introduced,introduced,introduced,introduced
246,sumacs,Anacardiaceae,Sumac,Sumac,Rhus typhina,rhustyph,North shore of Lake Superior east to Nova Scotia,native,native,native,native,native,native,native,native,native,native,introduced,native,native,native,native,native,native,native,native,native,native,native,native,native,native,native,native,native
248,sweetg,Hamamelidaceae,Sweetgum,Sweetgum,Liquidambar styraciflua,liqustyr,North America,introduced,introduced,introduced,introduced,introduced,introduced,introduced,introduced,introduced,introduced,introduced,introduced,introduced,introduced,introduced,introduced,introduced,introduced,introduced,introduced,introduced,introduced,introduced,introduced,introduced,introduced,introduced,introduced
249,sycame,Platanaceae,Plane-Sycamore,Sycamore,Platanus occidentalis,platocci,North America,introduced,introduced,introduced,introduced,introduced,introduced,introduced,introduced,introduced,introduced,introduced,native,introduced,introduced,introduced,introduced,introduced,introduced,introduced,native,introduced,introduced,native,native,native,native,native,native
250,tamara,Pinaceae,Larch,Tamarack,Larix laricina,larilari,"Across Canada, North-Eastern US",native,native,native,native,native,native,native,native,native,native,native,native,native,native,native,native,native,native,native,native,native,native,native,native,native,native,native,native
252,treeof,Simaroubaceae,Tree of Heaven,Tree of Heaven,Ailanthus altissima,ailaalti,China,introduced,introduced,introduced,introduced,introduced,introduced,introduced,introduced,introduced,introduced,introduced,introduced,introduced,introduced,introduced,introduced,introduced,introduced,introduced,introduced,introduced,introduced,introduced,introduced,introduced,introduced,introduced,introduced
253,tulipt,Magnoliaceae,Tulip-Tree,Tulip Tree,Liriodendron tulipifera,lirituli,North America,introduced,introduced,introduced,introduced,introduced,introduced,introduced,introduced,introduced,introduced,introduced,introduced,introduced,introduced,introduced,introduced,introduced,introduced,introduced,introduced,introduced,introduced,native,native,native,native,native,native
256,walbla,Juglandaceae,Walnut/Butternut,Black Walnut,Juglans nigra,juglnigr,"Southern Ontario, North Eastern US",introduced,introduced,introduced,introduced,introduced,introduced,introduced,introduced,introduced,introduced,introduced,introduced,introduced,introduced,introduced,introduced,native,introduced,introduced,introduced,introduced,introduced,native,native,native,native,native,native
257,waleng,Juglandaceae,Walnut/Butternut,English Walnut,Juglans regia,juglregi,"Southeast Europe, Western Asia; United States",introduced,introduced,introduced,introduced,introduced,introduced,introduced,introduced,introduced,introduced,introduced,introduced,introduced,introduced,introduced,introduced,introduced,introduced,introduced,introduced,introduced,introduced,introduced,introduced,introduced,introduced,introduced,introduced
310,walman,Juglandaceae,Walnut/Butternut,Manchrurian Walnut,Juglans mandshurica,juglmand,Eastern Asia,introduced,introduced,introduced,introduced,introduced,introduced,introduced,introduced,introduced,introduced,introduced,introduced,introduced,introduced,introduced,introduced,introduced,introduced,introduced,introduced,introduced,introduced,introduced,introduced,introduced,introduced,introduced,introduced
285,wayfar,Rutaceae,Viburnum,Wayfaring Tree,Viburnum lantana,vibulant,,introduced,introduced,introduced,introduced,introduced,introduced,introduced,introduced,introduced,introduced,introduced,introduced,introduced,introduced,introduced,introduced,introduced,introduced,introduced,introduced,introduced,introduced,introduced,introduced,introduced,introduced,introduced,introduced
226,werece,Cupressaceae,Thuja (Cedar),Western Red Cedar,Thuja plicata,thujplic,,introduced,introduced,introduced,introduced,introduced,introduced,introduced,introduced,introduced,introduced,introduced,introduced,introduced,introduced,introduced,introduced,introduced,introduced,introduced,introduced,introduced,introduced,introduced,introduced,introduced,introduced,introduced,introduced
259,whiswe,Rosaceae,Mountin Ash/Whitebeam,Swedish White Beam,Sorbus intermedia,sorbinte,,introduced,introduced,introduced,introduced,introduced,introduced,introduced,introduced,introduced,introduced,introduced,introduced,introduced,introduced,introduced,introduced,introduced,introduced,introduced,introduced,introduced,introduced,introduced,introduced,introduced,introduced,introduced,introduced
316,wilarc,Salicaceae,Willow,Arctic Willow,Salix purpurea,salipurp,North America,introduced,introduced,introduced,introduced,introduced,introduced,introduced,introduced,introduced,introduced,introduced,introduced,introduced,introduced,introduced,introduced,introduced,introduced,introduced,introduced,introduced,introduced,introduced,introduced,introduced,introduced,introduced,introduced
260,wilbay,Salicaceae,Willow,Bay (leaved) Willow,Salix laurifolia,salilaur,,introduced,introduced,introduced,introduced,introduced,introduced,introduced,introduced,introduced,introduced,introduced,introduced,introduced,introduced,introduced,introduced,introduced,introduced,introduced,introduced,introduced,introduced,introduced,introduced,introduced,introduced,introduced,introduced
315,wilbeb,Salicaceae,Willow,Bebb's Willow,Salix bebbiana,salibebb,North America,native,native,native,native,native,native,native,native,native,native,native,native,native,native,native,native,native,native,native,native,native,native,native,native,native,native,native,native
261,wilbla,Salicaceae,Willow,Black Willow,Salix nigra,salinigr,,introduced,introduced,introduced,introduced,introduced,introduced,introduced,introduced,introduced,introduced,introduced,introduced,introduced,introduced,introduced,native,native,introduced,introduced,introduced,native,introduced,native,native,native,introduced,native,native
262,wilcor,Salicaceae,Willow,Corkscrew Willow,Salix matsudana,salimats,North Asia,introduced,introduced,introduced,introduced,introduced,introduced,introduced,introduced,introduced,introduced,introduced,introduced,introduced,introduced,introduced,introduced,introduced,introduced,introduced,introduced,introduced,introduced,introduced,introduced,introduced,introduced,introduced,introduced
263,wilcra,Salicaceae,Willow,Crack Willow,Salix fragilis,salifrag,,introduced,introduced,introduced,introduced,introduced,introduced,introduced,introduced,introduced,introduced,introduced,introduced,introduced,introduced,introduced,introduced,introduced,introduced,introduced,introduced,introduced,introduced,introduced,introduced,introduced,introduced,introduced,introduced
317,wilfal,Salicaceae,Willow,False mountain willow,Salix pseudomonticola,salipseu,North America,introduced,introduced,introduced,introduced,introduced,introduced,introduced,introduced,introduced,introduced,introduced,introduced,introduced,introduced,introduced,introduced,introduced,introduced,introduced,introduced,introduced,introduced,introduced,introduced,introduced,introduced,introduced,introduced
264,wilgoa,Salicaceae,Willow,Goat Willow,Salix caprea,salicapr,,introduced,introduced,introduced,introduced,introduced,introduced,introduced,introduced,introduced,introduced,introduced,introduced,introduced,introduced,introduced,introduced,introduced,introduced,introduced,introduced,introduced,introduced,introduced,introduced,introduced,introduced,introduced,introduced
265,wilpea,Salicaceae,Willow,Peach Leaf Willow,Salix amygdaloides,saliamyg,,introduced,introduced,introduced,introduced,introduced,introduced,native,introduced,introduced,native,introduced,native,native,native,native,native,native,native,native,native,native,introduced,native,native,native,native,native,native
266,wilpus,Salicaceae,Willow,Pussy Willow,Salix discolor,salidisc,"Across Canada's provinces, North-Eastern US",native,native,native,native,native,native,native,native,native,native,native,native,native,native,native,native,native,native,native,native,native,native,native,native,native,native,native,native
267,wilshi,Salicaceae,Willow,Shining Willow,Salix lucida,saliluci,,native,native,native,native,native,native,native,native,native,native,native,native,native,native,native,native,native,native,native,native,native,native,native,native,native,native,native,native
270,wilwee,Salicaceae,Willow,Golden Weeping Willow,Salix babylonica,salibaby,,introduced,introduced,introduced,introduced,introduced,introduced,introduced,introduced,introduced,introduced,introduced,introduced,introduced,introduced,introduced,introduced,introduced,introduced,introduced,introduced,introduced,introduced,introduced,introduced,introduced,introduced,introduced,introduced
271,wilwhi,Salicaceae,Willow,White Willow,Salix alba,salialba,Europe,introduced,introduced,introduced,introduced,introduced,introduced,introduced,introduced,introduced,introduced,introduced,introduced,introduced,introduced,introduced,introduced,introduced,introduced,introduced,introduced,introduced,introduced,introduced,introduced,introduced,introduced,introduced,introduced
272,wingnu,Juglandaceae,Wingnut,Wingnut,Pterocarya fraxinifolia,pterfrax,,introduced,introduced,introduced,introduced,introduced,introduced,introduced,introduced,introduced,introduced,introduced,introduced,introduced,introduced,introduced,introduced,introduced,introduced,introduced,introduced,introduced,introduced,introduced,introduced,introduced,introduced,introduced,introduced
274,yellow,Fabaceae,Yellowood,American Yellowood,Cladrastis lutea,cladlute,,introduced,introduced,introduced,introduced,introduced,introduced,introduced,introduced,introduced,introduced,introduced,introduced,introduced,introduced,introduced,introduced,introduced,introduced,introduced,introduced,introduced,introduced,introduced,introduced,introduced,introduced,introduced,introduced
275,yewcom,Taxaceae,Yew,Common Yew,Taxus canadensis,taxucana,,native,native,native,native,native,native,native,native,native,native,native,native,native,native,native,native,native,native,native,native,native,native,native,native,native,native,native,native
276,yeweur,Taxaceae,Yew,European Yew,Taxus baccata,taxubacc,,introduced,introduced,introduced,introduced,introduced,introduced,introduced,introduced,introduced,introduced,introduced,introduced,introduced,introduced,introduced,introduced,introduced,introduced,introduced,introduced,introduced,introduced,introduced,introduced,introduced,introduced,introduced,introduced
277,yewjap,Taxaceae,Yew,Upright Japanese Yew,Taxus cuspidata,taxucusp,Japan,introduced,introduced,introduced,introduced,introduced,introduced,introduced,introduced,introduced,introduced,introduced,introduced,introduced,introduced,introduced,introduced,introduced,introduced,introduced,introduced,introduced,introduced,introduced,introduced,introduced,introduced,introduced,introduced
309,zeljap,Ulmaceae,Zelkova,Japanese zelkova,Zelkova serrata,zelkserr,Asia,introduced,introduced,introduced,introduced,introduced,introduced,introduced,introduced,introduced,introduced,introduced,introduced,introduced,introduced,introduced,introduced,introduced,introduced,introduced,introduced,introduced,introduced,introduced,introduced,introduced,introduced,introduced,introduced
